{"cameraMode":{"drawMode":0,"name":"Shaded","section":"Shading Mode"},"sceneLighting":false,"audioPlay":false,"sceneViewState":{"m_AlwaysRefresh":false,"showFog":false,"showSkybox":false,"showFlares":false,"showImageEffects":false,"showParticleSystems":false,"showVisualEffectGraphs":false,"m_FxEnabled":true},"in2DMode":false,"pivot":{"x":14.043533325195313,"y":0.9709813594818115,"z":62.087318420410159},"rotation":{"x":0.33988910913467409,"y":-0.0062052118591964249,"z":0.002238962333649397,"w":0.9404354691505432},"size":1.0630518198013306,"orthographic":false}